{
  "Defaults": {},
  "Thresholding_Batch_0": {
    "PE": 49,
    "ram_style": "distributed"
  },
  "MatrixVectorActivation_0": {
    "PE": 16,
    "SIMD": 49,
    "ram_style": "block"
  },
  "MatrixVectorActivation_1": {
    "PE": 8,
    "SIMD": 8,
    "ram_style": "auto"
  },
  "MatrixVectorActivation_2": {
    "PE": 8,
    "SIMD": 8,
    "ram_style": "auto"
  },
  "MatrixVectorActivation_3": {
    "PE": 10,
    "SIMD": 8,
    "ram_style": "distributed"
  },
  "LabelSelect_Batch_0": {
    "PE": 1
  }
}
