COL0,COL1,COL2,COL3
155190,1,21168.23,0.04
67310,2,45983.16,0.09
63700,3,13309.60,0.10
2132,4,28955.64,0.09
24027,5,22824.48,0.10
15635,6,49620.16,0.07
106170,1,44694.46,0.00
4297,1,54058.05,0.06
19036,2,46796.47,0.10
128449,3,39890.88,0.06
29380,4,2618.76,0.01
183095,5,32986.52,0.04
62143,6,28733.64,0.10
88035,1,30690.90,0.03
108570,1,23678.55,0.02
123927,2,50723.92,0.07
37531,3,73426.50,0.08
139636,1,61998.31,0.08
182052,1,13608.60,0.07
145243,2,11594.16,0.08
94780,3,81639.88,0.10
163073,4,31809.96,0.03
151894,5,73943.82,0.08
79251,6,43058.75,0.06
157238,7,6476.15,0.04
82704,1,47227.60,0.05
197921,2,64605.44,0.02
44161,3,2210.32,0.09
2743,4,6582.96,0.09
85811,5,79059.64,0.05
11615,6,9159.66,0.04
61336,1,40217.23,0.09
60519,2,47344.32,0.02
137469,3,7532.30,0.05
33918,4,75928.31,0.09
88362,1,17554.68,0.00
89414,2,30875.02,0.08
169544,3,9681.24,0.02
450,1,32410.80,0.02
161940,2,68065.96,0.06
120896,3,13418.23,0.06
85175,4,29004.25,0.06
119917,5,65854.94,0.08
30762,6,47397.28,0.03
119767,1,75043.92,0.09
22630,1,62105.20,0.09
126782,2,70542.42,0.05
12903,3,78083.70,0.05
175839,1,84252.52,0.04
2320,1,53782.08,0.09
186582,2,43383.08,0.08
67831,3,82746.18,0.06
20590,4,48338.88,0.07
54519,5,63360.93,0.01
94368,6,54494.40,0.06
85951,1,40675.95,0.05
59694,1,42995.94,0.03
73815,2,39353.82,0.00
1388,3,27076.98,0.09
115118,1,35126.41,0.00
173489,2,64061.68,0.04
21636,1,6230.52,0.09
20193,2,13358.28,0.09
173600,3,8368.00,0.03
87514,4,66066.44,0.08
40613,5,35733.03,0.05
178306,6,40144.70,0.02
7068,1,2925.18,0.05
175180,2,57738.28,0.02
34980,3,88089.08,0.04
94728,4,34454.40,0.07
82758,5,47000.25,0.03
102561,6,46906.80,0.05
139247,7,52735.84,0.09
115209,1,58761.60,0.01
104180,2,37893.76,0.08
137267,3,22172.42,0.09
37502,4,4318.50,0.09
92070,5,44606.94,0.07
18504,6,32717.50,0.05
64128,1,8736.96,0.03
196156,2,16277.95,0.06
179809,3,1888.80,0.03
45734,4,18477.03,0.01
37131,5,39520.81,0.09
55655,6,30602.35,0.06
61931,1,47323.25,0.09
65916,2,5645.73,0.09
34432,3,61489.35,0.00
96645,4,54174.12,0.00
103255,5,49071.75,0.08
195635,6,58841.42,0.04
123076,1,25278.61,0.10
135390,2,42761.70,0.01
119477,1,19454.11,0.00
49568,2,56149.72,0.02
77699,3,31857.11,0.06
40216,1,32373.88,0.06
109743,2,1752.74,0.00
44706,3,23109.80,0.05
167180,4,12471.80,0.03
87114,1,11011.10,0.02
123766,2,8948.80,0.02
134082,3,46875.36,0.02
108338,4,48467.88,0.09
62029,1,27748.56,0.04
115979,2,43889.34,0.00
46150,3,50422.90,0.03
38024,4,13468.28,0.06
53439,5,51519.91,0.05
118282,1,63713.72,0.10
163334,2,50303.88,0.00
138418,3,17476.92,0.06
88914,1,70407.67,0.06
169238,2,44445.82,0.03
182321,3,35083.00,0.01
61158,4,16787.25,0.07
194658,1,10515.90,0.03
10426,2,49447.54,0.02
28431,3,31266.89,0.01
29022,4,30432.64,0.01
106828,1,69723.16,0.06
2867,1,81413.56,0.08
185164,2,44969.76,0.01
39444,3,45653.52,0.04
135137,4,39852.42,0.00
31373,5,31304.88,0.06
77050,6,22595.10,0.06
168569,7,1637.56,0.05
128816,1,25827.34,0.08
1739,2,78755.04,0.03
11860,3,31893.48,0.04
115635,4,21458.19,0.09
69130,5,34073.03,0.06
167505,1,70762.50,0.10
44255,2,59962.50,0.02
189021,3,4440.08,0.04
140449,1,26809.92,0.00
119053,2,46098.15,0.01
114419,3,45869.12,0.04
28082,4,23231.84,0.10
103432,1,38756.61,0.00
176279,2,16263.24,0.02
117350,3,39653.15,0.09
89855,4,20293.35,0.06
641,1,32374.44,0.00
164645,2,59837.40,0.06
188252,3,34846.50,0.09
144002,4,49162.00,0.05
35172,5,13286.04,0.05
133103,6,13633.20,0.00
108205,1,57020.40,0.06
198344,2,30289.14,0.00
157510,3,51727.83,0.02
67005,4,33048.00,0.02
136248,5,25684.80,0.01
115000,6,13195.00,0.04
14785,1,61192.08,0.07
86382,2,30104.36,0.00
20080,3,34002.72,0.01
102810,1,34443.39,0.01
189288,1,2754.56,0.02
167545,1,69339.22,0.01
120702,2,22395.10,0.01
36818,3,47379.87,0.04
192642,4,8673.20,0.02
126090,5,13393.08,0.10
190825,6,38316.40,0.00
91309,1,33807.80,0.09
18488,2,33755.52,0.05
125509,3,58311.00,0.03
17526,4,46192.64,0.05
147505,5,66757.50,0.06
108896,6,51432.03,0.10
3037,7,21620.69,0.09
33175,1,3324.51,0.01
161627,2,72610.66,0.08
58520,3,22177.80,0.00
139190,4,60230.31,0.07
155084,5,30755.16,0.01
64888,1,68556.56,0.09
166366,2,18620.68,0.09
99652,3,67717.65,0.07
45027,4,7776.16,0.05
101171,1,32820.76,0.06
171555,2,43916.85,0.09
97017,1,23322.23,0.00
161368,2,28587.20,0.07
110252,3,18933.75,0.09
196400,4,2992.80,0.06
82915,5,47447.75,0.02
141003,6,46980.00,0.00
92638,1,14675.67,0.06
153954,2,30119.25,0.02
93878,3,43053.01,0.06
2594,1,25442.03,0.05
183523,2,1606.52,0.04
65994,3,25479.87,0.08
145146,4,42881.04,0.00
56176,5,9057.36,0.04
148984,6,32527.68,0.06
167828,7,39812.22,0.02
84590,1,9447.54,0.04
93847,2,75474.44,0.05
85446,3,48668.96,0.08
85442,4,58525.04,0.06
135052,1,20653.95,0.03
9852,2,26427.75,0.03
98494,1,58207.11,0.02
177103,2,9440.80,0.09
155829,3,32041.94,0.06
17936,4,46348.25,0.04
41466,5,19704.44,0.09
105880,6,1885.88,0.07
56061,1,33562.98,0.07
15229,2,22884.40,0.03
148058,3,16590.75,0.04
10371,4,44847.95,0.08
101952,5,64480.35,0.02
132072,1,55203.50,0.02
133998,2,60959.70,0.08
150111,1,18577.76,0.04
108609,2,54998.40,0.04
189967,3,84335.36,0.07
166377,4,17320.44,0.08
93857,5,83288.25,0.07
50010,6,3840.04,0.02
171925,1,7987.68,0.09
130565,2,4786.68,0.00
198212,3,58959.45,0.06
146071,4,26809.68,0.00
7589,5,46393.98,0.04
131835,6,22401.96,0.00
141233,7,56066.12,0.10
96909,1,7623.60,0.00
137802,2,84630.80,0.06
37309,3,43620.50,0.09
40633,4,70813.35,0.10
117956,5,3947.90,0.07
82937,6,92156.64,0.02
117961,7,27705.44,0.09
165335,1,26606.27,0.05
174102,2,28226.40,0.07
4039,1,2829.09,0.10
83580,1,31271.60,0.02
128904,2,56054.10,0.07
78526,3,42126.56,0.02
176948,4,6074.82,0.02
155180,5,40760.94,0.03
105393,6,40553.31,0.04
185863,1,89647.56,0.09
194908,2,12017.40,0.03
7367,3,1274.36,0.07
9164,4,47219.04,0.08
18923,5,14735.36,0.09
33927,6,14887.36,0.00
158356,1,22629.60,0.04
83359,2,61748.10,0.04
198124,3,61106.00,0.09
56760,4,53219.56,0.08
88233,1,26867.06,0.09
118399,2,56695.60,0.10
129111,3,51304.95,0.02
146229,1,8926.54,0.05
106194,1,9601.52,0.00
196119,2,48604.40,0.10
161762,3,82069.20,0.07
132912,4,60292.21,0.02
35959,5,47373.75,0.08
146467,6,54484.56,0.09
98779,1,24888.78,0.00
161982,2,28615.72,0.03
23514,3,60375.42,0.09
195335,4,4290.99,0.08
192201,5,7759.20,0.00
155887,1,97144.00,0.07
182736,2,47286.98,0.02
41222,3,31406.94,0.05
5337,4,36027.57,0.10
95286,5,56376.32,0.01
1349,1,42511.56,0.05
65662,2,32553.20,0.00
173959,3,56922.60,0.08
118455,4,72199.05,0.04
60469,5,70043.54,0.01
96989,6,39719.60,0.06
191186,1,49810.02,0.01
60074,2,34124.31,0.09
58695,3,57879.15,0.05
23960,1,41447.12,0.06
84557,2,13873.95,0.08
142891,3,96694.50,0.06
50641,1,49340.84,0.00
116386,2,68716.62,0.08
98833,3,65945.88,0.02
78406,4,26303.60,0.07
161894,5,60632.59,0.10
173280,1,33832.00,0.07
111800,2,10870.80,0.06
16996,3,84171.56,0.10
39439,4,66164.64,0.01
46285,5,16006.64,0.10
5351,1,43972.25,0.01
128923,2,3903.84,0.05
1888,3,8949.40,0.03
123741,4,40589.02,0.05
122565,1,33338.76,0.05
137316,2,25712.89,0.08
60874,3,55046.10,0.10
153561,1,12916.48,0.10
99249,2,29957.76,0.08
8960,1,26165.44,0.02
186406,2,16416.40,0.10
117267,3,16695.38,0.04
59620,1,48968.22,0.00
197507,1,46530.50,0.02
91344,2,34718.84,0.04
15283,3,9586.24,0.10
60621,4,41122.12,0.10
4415,1,39582.30,0.05
192158,2,16251.95,0.03
318,1,25584.51,0.01
140433,2,60410.63,0.08
152499,1,18617.88,0.08
43662,2,77071.68,0.02
12673,3,31713.40,0.04
183246,4,13292.40,0.06
11605,5,53081.00,0.07
33310,6,3729.93,0.08
37435,7,6862.15,0.01
163628,1,84581.00,0.05
95136,2,20360.34,0.06
142725,3,15909.48,0.07
199475,1,40936.22,0.07
158791,1,62892.86,0.09
185139,2,6120.65,0.07
18788,3,59737.30,0.07
179094,1,48096.69,0.06
19480,2,53180.24,0.02
183739,3,45568.25,0.03
84836,4,9104.15,0.03
34543,5,45803.74,0.04
156712,6,72517.11,0.02
42134,7,50578.11,0.04
143503,1,24744.00,0.03
41715,2,14910.39,0.09
63762,1,29337.92,0.07
119305,1,54296.30,0.00
147542,2,46096.66,0.09
134318,3,16227.72,0.06
77071,4,48211.22,0.00
116803,5,16378.20,0.02
102699,6,66365.91,0.02
49480,1,20012.72,0.08
193864,2,46988.64,0.01
58125,3,54156.00,0.08
106672,4,11750.69,0.06
30527,5,26235.36,0.04
61082,6,37550.88,0.03
4660,7,21905.24,0.01
113959,1,61161.45,0.09
96030,2,42067.23,0.05
45214,1,4636.84,0.10
107463,2,70582.08,0.02
118002,3,35700.00,0.08
55342,4,53190.94,0.07
124271,5,47924.99,0.05
113143,1,30059.64,0.06
185814,2,68393.16,0.07
164807,3,59897.60,0.05
190028,1,45838.82,0.06
189955,2,65438.40,0.05
168710,3,71148.40,0.09
96557,4,23303.25,0.08
28629,5,28037.16,0.01
161283,6,43016.96,0.03
82916,7,85450.95,0.05
165980,1,61379.40,0.00
11158,2,19244.70,0.00
131463,3,25405.82,0.07
89985,4,75049.24,0.10
167239,5,14368.53,0.01
182663,6,40150.18,0.04
178442,1,57776.72,0.07
63342,2,63961.66,0.09
181502,3,17418.50,0.02
92053,4,11495.55,0.00
131403,5,20081.60,0.08
166446,1,10587.08,0.05
53025,2,44988.92,0.08
152405,1,56838.60,0.10
68123,2,17457.92,0.06
130081,3,41109.96,0.09
136667,1,1703.66,0.08
152800,2,77817.60,0.07
96392,3,55535.60,0.09
55927,4,35775.48,0.08
148313,5,43561.92,0.08
32590,1,63948.78,0.05
127808,2,84446.80,0.07
64486,3,58019.20,0.06
189295,1,2768.58,0.09
106523,1,15295.20,0.02
123353,2,23397.95,0.09
183266,3,62065.96,0.07
141937,4,83115.06,0.01
127657,5,21900.45,0.02
124632,6,18222.93,0.09
84937,7,46126.32,0.05
121586,1,22506.12,0.09
93563,1,38914.00,0.00
110869,2,41356.92,0.10
174101,3,29377.50,0.07
39560,1,58482.84,0.01
69212,2,21261.78,0.00
44192,3,46583.79,0.10
131087,4,2236.16,0.01
18552,1,45587.05,0.00
1062,2,963.06,0.04
34829,3,5291.46,0.04
152691,1,57541.77,0.05
64192,2,36998.08,0.01
70495,3,21982.35,0.07
8756,4,24971.25,0.01
148401,5,24639.80,0.01
100885,1,9429.40,0.04
161079,2,25081.54,0.05
47557,3,67704.75,0.09
74795,4,21237.48,0.08
72918,5,69963.67,0.02
123736,6,70389.20,0.01
15978,7,73864.83,0.00
133070,1,1103.07,0.02
151816,1,46695.25,0.10
170666,2,17366.60,0.02
175984,3,94759.08,0.09
161622,4,42090.50,0.10
131890,1,51891.03,0.06
125197,1,4888.76,0.00
172359,2,65842.10,0.05
26809,3,60753.00,0.10
169045,4,8912.32,0.10
137283,5,30366.44,0.02
151908,1,23518.80,0.02
108408,2,5665.60,0.10
9982,3,5675.94,0.07
157659,4,37766.30,0.07
161582,1,69030.36,0.03
106298,2,6521.45,0.03
142528,3,50256.64,0.06
56267,4,48930.40,0.05
78048,5,2052.08,0.09
152726,6,58697.76,0.08
129532,1,56215.08,0.02
32028,2,40320.84,0.05
86136,3,1122.13,0.07
76558,4,42967.40,0.04
114639,1,3307.26,0.04
197917,1,90670.95,0.01
175131,2,45832.94,0.08
13144,3,40171.32,0.10
95748,4,78468.30,0.10
25722,5,52727.04,0.04
94318,6,36744.68,0.07
117595,1,38702.16,0.06
156485,1,64742.16,0.10
27230,2,50918.12,0.05
48360,3,58876.20,0.04
170012,4,11902.11,0.01
52148,1,24203.08,0.04
18649,1,26649.88,0.07
20646,2,29766.16,0.08
185785,3,78572.76,0.08
81009,4,10890.00,0.05
111956,5,61006.45,0.05
137343,1,44170.88,0.00
121382,2,1403.38,0.05
61141,3,34166.34,0.04
195826,4,15374.56,0.02
38215,5,53047.66,0.01
78696,6,31819.11,0.04
32694,1,13013.52,0.00
79758,2,39968.25,0.04
87745,3,15594.66,0.04
30133,1,52093.37,0.10
31950,2,84687.75,0.06
183351,3,71717.50,0.06
164805,4,41135.60,0.07
76308,5,61646.40,0.00
96871,6,18678.70,0.01
149523,1,78626.00,0.01
27973,2,76038.80,0.08
136884,3,42259.36,0.00
75437,1,50847.48,0.00
67040,2,40281.60,0.03
135912,3,50645.66,0.04
71865,4,69800.68,0.08
28099,5,3081.27,0.07
46543,6,68518.84,0.00
91896,1,88730.83,0.06
82099,2,2162.18,0.02
188804,1,35963.20,0.08
22847,2,65484.08,0.01
179419,3,59936.40,0.05
82470,4,14524.70,0.09
64154,5,6708.90,0.03
32014,6,11352.12,0.04
50769,7,3439.52,0.09
61732,1,33874.60,0.09
121628,2,72583.28,0.01
78713,1,35525.91,0.06
117452,2,49961.30,0.08
12812,3,10348.86,0.06
115362,4,59226.48,0.00
104014,1,10180.10,0.03
147605,2,62798.80,0.10
182145,3,13498.54,0.00
108606,4,54896.40,0.09
130881,5,61180.16,0.01
108692,6,42517.25,0.04
24974,1,20888.67,0.01
44551,1,41875.40,0.03
155391,2,21695.85,0.02
40932,3,16856.37,0.04
132197,4,13521.09,0.06
23349,5,29263.82,0.00
164711,1,53271.30,0.07
83164,2,26384.68,0.05
133178,3,14534.04,0.01
121990,4,92551.54,0.07
70019,5,15824.16,0.01
196358,6,56719.65,0.09
185956,7,98013.60,0.03
158970,1,2028.97,0.07
2946,2,70259.72,0.05
105900,3,36212.10,0.00
46267,4,32758.02,0.08
9041,5,12350.52,0.06
150926,6,5930.76,0.04
138474,1,71086.09,0.08
169547,1,6466.16,0.02
170188,2,22647.24,0.00
84585,1,25113.28,0.08
70789,1,77430.32,0.08
136347,2,66400.32,0.01
181345,3,4279.02,0.05
196550,1,3293.10,0.06
4641,2,9273.84,0.00
182,3,22725.78,0.03
56720,4,35211.12,0.08
92995,5,37771.81,0.00
152753,6,57784.00,0.06
195061,1,20809.08,0.07
188735,2,69301.74,0.07
65213,3,42415.56,0.08
20101,4,18379.80,0.09
23480,5,53332.24,0.06
190307,1,43316.30,0.04
23786,1,13678.24,0.08
158813,2,37436.20,0.00
161089,3,18401.28,0.07
86490,1,2952.98,0.07
33096,2,6174.54,0.06
36565,3,9009.36,0.08
137608,4,8228.00,0.03
25886,1,45297.00,0.06
63233,2,16747.22,0.08
155542,1,63901.60,0.02
187025,2,25576.46,0.05
150618,1,15017.49,0.00
32145,2,42008.46,0.02
59048,3,6042.24,0.03
6189,4,44902.38,0.04
12612,5,42689.08,0.00
166717,6,8918.55,0.05
84916,1,62730.03,0.03
173320,2,43192.92,0.04
184444,3,29040.36,0.04
63384,1,55242.58,0.09
92527,2,21273.28,0.06
100106,3,54198.90,0.10
74925,4,56997.60,0.10
56409,1,9557.80,0.07
50262,2,59400.74,0.05
140309,3,56670.60,0.07
167750,4,65439.00,0.06
144364,1,1408.36,0.07
119625,2,77297.14,0.10
129431,3,49654.62,0.01
141250,4,42611.25,0.10
188537,5,21131.89,0.04
153579,1,31018.83,0.08
197310,2,56292.40,0.03
65533,1,31469.13,0.01
110792,1,88336.71,0.10
67896,2,20502.79,0.07
117617,3,42499.86,0.09
185206,4,21950.40,0.03
145743,5,69760.86,0.08
94365,6,6796.80,0.00
189280,7,36970.56,0.06
16855,1,69102.15,0.05
80676,2,1656.67,0.08
119545,3,61017.06,0.09
184959,1,10219.75,0.07
194864,2,54848.08,0.07
66130,3,53710.37,0.00
38942,4,52666.32,0.05
87737,5,1724.73,0.08
188203,6,42609.60,0.10
90027,1,17289.34,0.06
78348,2,7958.04,0.05
185016,3,3303.03,0.03
158304,4,9536.10,0.02
194109,1,25265.10,0.00
186897,2,95226.72,0.07
166963,3,87288.28,0.05
146951,4,27971.30,0.04
195308,5,42099.00,0.08
136241,6,61307.52,0.04
104545,1,55783.44,0.10
92997,1,97509.51,0.09
416,2,52656.40,0.09
179475,3,34198.34,0.05
31474,4,63246.15,0.07
125192,1,21909.42,0.01
99477,2,1476.47,0.09
94311,3,52212.40,0.05
70043,4,25326.00,0.03
3794,5,69609.39,0.07
53624,1,41018.12,0.10
12260,1,32823.28,0.00
50168,2,53671.68,0.01
162447,3,34717.12,0.05
44743,4,65821.86,0.08
189459,5,72777.15,0.10
133143,1,54102.44,0.02
129821,2,20359.02,0.05
100047,3,46069.76,0.04
79744,4,12066.18,0.01
49295,5,28618.67,0.02
84932,6,63258.69,0.00
50239,7,45190.74,0.08
159694,1,57871.77,0.01
169422,2,70096.74,0.07
69227,3,55026.12,0.10
95402,4,68472.60,0.05
4703,5,69131.10,0.06
33631,6,28163.34,0.10
27031,7,8622.27,0.03
108975,1,61503.07,0.00
126723,2,1749.72,0.07
29744,3,40169.76,0.06
98738,4,59048.82,0.01
89173,5,19756.89,0.04
114481,6,59819.20,0.10
16310,1,50278.71,0.08
112177,2,5945.85,0.10
152882,3,29023.20,0.08
172190,1,51749.79,0.06
189656,2,15710.85,0.03
142390,3,50133.65,0.02
70495,1,32240.78,0.03
101366,1,31449.28,0.06
58285,2,4973.12,0.02
156455,1,1511.45,0.04
136633,2,58437.05,0.08
175802,3,63845.20,0.10
99269,4,19023.90,0.09
4669,5,72388.36,0.09
50972,1,17306.73,0.09
77668,2,32913.20,0.07
162330,3,48731.55,0.05
72825,4,43147.68,0.01
165127,5,36955.72,0.01
75930,6,62895.69,0.09
142123,7,12816.32,0.07
58986,1,62239.36,0.04
167361,2,55706.04,0.00
23226,3,52864.12,0.01
147638,4,1685.63,0.06
149613,5,41565.25,0.00
145537,1,31650.60,0.05
36553,2,32770.10,0.01
142489,3,24503.68,0.06
198067,4,55922.88,0.08
97451,5,23175.20,0.06
42888,6,20139.68,0.09
191759,1,16656.75,0.09
189981,1,82839.20,0.05
3839,2,24399.62,0.07
188322,1,64874.72,0.05
116218,2,43197.35,0.10
196629,1,39689.26,0.05
154736,1,60884.82,0.01
42642,2,34862.08,0.00
123805,1,5486.40,0.05
179124,2,22859.28,0.06
121298,3,43536.57,0.09
55176,4,5655.85,0.07
142490,5,55169.64,0.08
22352,6,8920.45,0.10
86203,1,8324.40,0.00
197250,2,20208.75,0.08
168496,3,15644.90,0.01
107229,4,49448.80,0.10
162111,1,55136.17,0.06
192916,2,76338.58,0.07
138984,3,14160.86,0.04
89308,4,32432.50,0.00
185454,5,18473.40,0.01
113665,6,35251.86,0.04
159288,7,61974.88,0.03
145767,1,3625.52,0.10
102501,2,40594.50,0.00
127086,3,51201.68,0.10
127682,4,34193.60,0.09
157380,1,66119.48,0.05
79423,2,32255.66,0.02
56626,3,20574.06,0.00
97851,4,25883.90,0.06
168002,5,34240.00,0.04
181815,1,22761.72,0.01
197203,1,44206.80,0.00
187016,2,4412.04,0.00
169700,3,40703.10,0.04
140786,4,21921.36,0.04
174837,5,57354.90,0.02
84489,1,41257.44,0.00
3502,2,70275.00,0.07
48733,3,20180.76,0.05
43470,4,66433.09,0.09
187523,5,48315.60,0.07
1206,1,24358.40,0.10
65211,2,41167.35,0.00
198037,3,32915.87,0.06
186404,1,37260.00,0.03
90396,2,30500.58,0.09
101309,1,60273.80,0.04
95395,2,20855.85,0.08
101553,3,37309.20,0.08
191891,4,31726.24,0.01
100006,5,48288.00,0.09
191966,6,100840.04,0.02
191460,1,32580.66,0.01
195813,1,74443.59,0.06
17862,2,3559.72,0.00
5964,3,56098.80,0.06
24493,4,52447.13,0.10
46500,5,67985.50,0.06
111635,6,70805.09,0.10
48062,7,33331.98,0.01
175068,1,41150.16,0.02
159077,2,4544.28,0.01
180119,1,46765.29,0.09
53281,2,30857.00,0.03
6983,1,22679.76,0.10
160505,2,59489.00,0.03
6393,3,18191.46,0.02
41262,4,8422.82,0.06
77402,5,17932.20,0.09
81921,6,43767.16,0.08
52698,1,57774.15,0.10
83007,2,9900.00,0.05
85119,3,38643.85,0.03
179834,4,19138.30,0.08
53649,5,67310.88,0.02
99317,1,6581.55,0.06
10005,2,28365.00,0.02
150082,3,44151.12,0.06
28056,4,27553.40,0.10
133007,5,9360.00,0.09
39505,6,62113.50,0.07
182652,1,84997.85,0.08
16038,2,2862.09,0.10
147809,3,63131.20,0.02
14993,4,15263.92,0.00
176160,5,54391.04,0.09
119813,6,3665.62,0.07
31640,1,25146.24,0.10
173244,2,27662.04,0.01
107093,3,22001.80,0.01
71833,1,68583.54,0.00
84262,2,26171.46,0.04
175028,3,28678.52,0.01
5111,1,13209.43,0.10
94616,2,33822.81,0.05
2700,3,33656.70,0.05
163556,4,19434.60,0.08
73144,5,50271.30,0.01
121868,6,18898.60,0.08
25641,7,17233.04,0.01
142568,1,64422.40,0.08
132751,2,60647.50,0.08
130920,3,85840.48,0.07
156598,4,29782.62,0.09
131708,5,33054.30,0.08
53401,1,10835.20,0.07
98771,2,37165.17,0.08
125293,1,39548.70,0.08
198375,2,2946.74,0.02
75519,3,65758.44,0.04
37511,4,30418.71,0.01
197826,1,48095.50,0.07
56623,2,45808.98,0.07
46414,3,16324.92,0.01
75351,4,34485.10,0.08
104752,1,1756.75,0.04
159749,2,39792.28,0.08
90335,3,5301.32,0.04
116568,1,77643.44,0.00
154875,2,94563.63,0.01
180228,3,62794.56,0.07
79226,4,12052.20,0.09
142418,5,43812.30,0.02
11627,6,16924.82,0.02
149,7,19933.66,0.08
102949,1,87837.30,0.01
47411,2,32601.84,0.05
53556,1,1509.55,0.04
111833,2,70103.54,0.05
161174,3,11116.53,0.05
144119,1,41871.96,0.06
6951,2,20437.45,0.03
106431,1,47435.19,0.09
184562,2,46103.68,0.02
187915,1,12017.46,0.09
83534,2,27315.54,0.03
140671,3,78736.82,0.05
56565,1,59340.84,0.03
87341,2,31880.16,0.08
133708,1,34834.00,0.10
28244,2,31650.48,0.05
94785,3,40934.94,0.10
43152,4,19712.70,0.09
157077,1,26083.61,0.07
188315,2,65955.57,0.08
129655,1,57278.10,0.03
97941,2,13572.58,0.01
79304,3,43632.20,0.03
197300,1,22356.80,0.07
19188,2,3321.54,0.02
86034,3,15300.45,0.00
168398,4,49857.26,0.09
135703,1,8693.50,0.08
138798,1,12857.53,0.04
167908,1,15807.20,0.06
28659,2,20639.45,0.05
67432,3,26589.17,0.09
121059,4,46442.15,0.02
24498,5,38407.23,0.04
124220,6,23640.18,0.02
62275,1,33406.29,0.07
46068,2,36506.16,0.04
49110,1,38127.96,0.04
185850,2,9679.25,0.06
96392,1,66642.72,0.10
54591,2,72642.73,0.07
107967,3,25674.48,0.09
189917,4,58200.39,0.06
127480,5,12059.84,0.00
142499,6,40078.74,0.00
173371,7,5777.48,0.00
38675,1,75842.49,0.07
197621,2,17186.20,0.03
1925,3,12788.44,0.09
151663,4,18861.26,0.08
187481,5,53328.32,0.00
176862,6,85309.84,0.09
108889,7,20876.68,0.01
90450,1,21606.75,0.07
183170,2,32582.42,0.05
125704,3,22486.10,0.07
101182,4,2366.36,0.08
160159,1,10972.35,0.07
178512,2,58848.87,0.03
48242,3,13092.64,0.01
192166,4,45293.76,0.04
60085,1,18811.44,0.04
46070,2,25401.75,0.00
84976,3,7843.88,0.09
179704,4,24971.80,0.05
70776,5,6987.08,0.06
119083,6,51797.76,0.00
13423,7,14700.62,0.02
198532,1,71743.32,0.01
114624,2,78653.76,0.08
74130,3,26499.12,0.03
21113,1,37227.96,0.01
45222,2,2334.44,0.09
42615,3,57631.57,0.04
17758,4,18433.25,0.00
110509,1,4558.50,0.06
117211,2,9825.68,0.06
164836,3,45619.92,0.02
64367,1,35946.72,0.04
8890,2,62961.15,0.06
8238,3,37825.59,0.02
55408,4,12270.60,0.09
41041,5,982.04,0.04
167067,6,14742.78,0.07
168148,1,35268.06,0.07
47775,2,41346.48,0.05
151774,3,83985.42,0.08
51313,4,54365.33,0.10
11725,5,62195.36,0.02
54038,6,49601.50,0.05
10337,7,13720.63,0.00
128672,1,76530.15,0.09
174218,2,56857.24,0.02
73036,3,14126.42,0.06
101639,4,11484.41,0.06
44804,1,62956.80,0.10
17295,2,56977.63,0.08
64230,3,11942.30,0.07
99635,4,34327.23,0.06
163239,5,65111.50,0.03
144557,6,16015.50,0.00
166196,7,37865.70,0.07
39783,1,31010.04,0.00
16788,2,17047.80,0.05
146052,3,52706.40,0.01
81324,4,49602.16,0.08
43763,1,69977.16,0.01
48267,1,27950.98,0.02
12132,2,28191.51,0.02
99192,3,30970.94,0.05
117900,1,34522.20,0.07
27410,1,30760.43,0.05
64553,2,34903.65,0.02
134031,3,38341.08,0.06
57192,4,14939.47,0.08
12130,5,8337.04,0.02
58299,6,1257.29,0.01
106999,1,2005.99,0.07
116212,2,30705.25,0.06
174776,3,59224.64,0.01
117921,1,13572.44,0.10
90469,2,26270.28,0.09
96938,3,81267.06,0.06
33476,4,40874.63,0.00
25276,5,45648.26,0.03
196988,6,62549.40,0.09
56598,1,55965.24,0.01
35276,2,32704.29,0.09
79649,3,4885.92,0.07
56308,4,25286.00,0.04
151996,5,24575.88,0.02
187354,6,7206.75,0.02
193152,1,8716.05,0.01
97483,2,71063.04,0.10
198936,1,79362.27,0.04
112231,2,1243.23,0.02
56790,3,85592.71,0.01
54514,4,64614.44,0.05
107207,1,24284.00,0.04
17015,2,21436.23,0.06
179337,1,26910.27,0.07
116560,2,66215.52,0.02
21218,3,47846.82,0.06
4189,4,21863.60,0.04
58957,1,78553.95,0.05
84402,2,5545.60,0.01
131550,3,15815.50,0.00
147690,4,85146.81,0.01
16893,5,74205.49,0.08
105311,6,22377.27,0.05
160878,7,34899.66,0.00
59906,1,26122.60,0.10
37967,2,64768.64,0.02
104722,3,51801.60,0.10
47212,4,24343.41,0.06
91050,5,7287.35,0.09
74101,6,44079.10,0.10
174476,1,51165.51,0.01
2145,2,29319.92,0.06
39924,3,18639.20,0.03
190751,4,73670.00,0.01
145484,5,50472.84,0.09
136979,6,70558.95,0.04
4967,7,28079.40,0.09
64486,1,5801.92,0.07
9177,2,11947.87,0.01
30745,3,8378.70,0.08
130471,4,37536.75,0.10
172294,1,20494.35,0.08
128707,2,48599.60,0.08
165067,3,50942.70,0.00
65736,4,42543.25,0.01
23196,5,20145.42,0.06
172396,1,63140.77,0.03
162614,1,18442.71,0.00
47438,2,23552.31,0.03
9924,1,40346.24,0.04
180410,2,10432.87,0.10
141752,3,53812.50,0.05
10143,4,6318.84,0.09
72407,5,1379.40,0.04
60071,1,35056.38,0.00
198758,2,76126.75,0.08
